rank,id,name_en,name_th,province,province_th,region,tier,reality,league,composite_score,livability,economy,safety,wellbeing,environment,hospitality,digital,gpp_per_capita_baht,data_confidence,smart_dimensions,tagline_en
1,phuket,Phuket Smart City,ภูเก็ตสมาร์ทซิตี้,Phuket,ภูเก็ต,south,alpha,operational,province,72.6,76,80,57,68,64,88,72,492000,high,economy; energy; environment; governance; living; mobility; people,"Thailand's most functional smart tourism city — and one of three coastal provinces (with Pattaya and Krabi) explicitly named in the World Bank CCDR 2025 as particularly vulnerable to heat stress shortening outdoor tourism seasons and shifting visitor preferences toward cooler destinations. On private-sector climate response: 695 hotels have joined TAT's CF-Hotels sustainability platform, but only 160 self-reported emissions data in 2024. Coastal resorts are co-financing mangrove restoration to prevent erosion and storm surge damage. The smart infrastructure is real. The climate resilience investment is real but still front-loaded toward hardware."
2,samyan,Samyan Smart City,สามย่านสมาร์ทซิตี้,Bangkok,กรุงเทพฯ,bangkok,alpha,operational,district,71.9,71,82,70,74,48,72,82,628000,high,economy; energy; environment; governance; living; mobility; people,"Bangkok's highest-functioning smart district — and the most invested in answering whether the capital can outrun its climate tail risks. World Bank CCDR 2025: Bangkok faces land subsidence compounded by sea level rise and intensifying storm surges, with scenarios where the capital region — accounting for half of national GDP — becomes substantially more flood-prone. The BMA responded in 2024 with a four-phase Urban Heat Management Framework (monitoring phase 27–32.9°C, warning 33–41.9°C, critical 42–51.9°C, extreme beyond 52°C), two million trees planted, and a 15-minute parks programme. Samyan is where the evidence of Bangkok's intent lives."
3,chiang-mai-old-town,Chiang Mai Smart Old Town,เชียงใหม่สมาร์ทโอลด์ทาวน์,Chiang Mai,เชียงใหม่,north,alpha,operational,district,67,71,68,59,70,38,92,65,168000,high,economy; environment; living; mobility; people,"Cultural heart of the north. Real smart city with heritage preservation tech and digital tourism, held back by seasonal burning haze."
4,cmu-smart-city,CMU Smart City,มหาวิทยาลัยเชียงใหม่ สมาร์ทซิตี้,Chiang Mai,เชียงใหม่,north,alpha,operational,campus,66.9,69,62,61,75,58,70,80,168000,high,economy; energy; environment; governance; living; mobility; people,"University campus as living lab. Genuine R&D engine with smart energy grid, AI traffic, and open data platform."
5,phra-ram-4,Phra Ram 4 Smart City,พระราม 4 สมาร์ทซิตี้,Bangkok,กรุงเทพฯ,bangkok,alpha,operational,district,66.8,66,78,68,68,44,65,68,628000,high,economy; living; mobility,Bangkok's CBD corridor — where smart infrastructure investment and climate adaptation are converging. The World Bank CCDR 2025 documents elevated flood-resistant designs like IconSiam's elevated structures as early evidence of private-sector climate proofing. Bangkok's road fatality rate of 14 per 100k is Thailand's lowest — dense urban environments can outperform national norms. Air quality and congestion remain the unsolved problems.
6,khon-kaen,Khon Kaen Smart City,ขอนแก่นสมาร์ทซิตี้,Khon Kaen,ขอนแก่น,northeast,alpha,operational,province,66.6,69,70,52,72,58,74,70,155000,high,economy; energy; environment; governance; living; mobility; people,"Isan's economic capital — and the city the World Bank's water security team chose for in-depth fieldwork for its 2025 CCDR, interviewing the Governor and provincial administrative team directly. Finding: Khon Kaen's main water resilience barriers are institutional, not technical — limited authority for local governments to conduct integrated provincial water planning and mobilize small-scale retention pond financing. The LRT and smart bus are real. The water governance gap is equally real, and the World Bank named it."
7,rattanakosin,Rattanakosin Smart District,เขตรัตนโกสินทร์อัจฉริยะ,Bangkok,กรุงเทพฯ,bangkok,alpha,operational,district,66.4,65,72,66,66,46,82,62,628000,high,economy; energy; environment; governance; living; mobility; people,"Bangkok's historic core — named in the World Bank CCDR 2025 alongside Ayutthaya as heritage areas requiring portable flood barriers similar to those used in Venice. Canal water quality monitoring here is not an aesthetic choice: Rattanakosin sits at the heart of the Chao Phraya basin, home to 66% of Thailand's GDP, where the 120-year flood is projected to return every 5–18 years by 2050. Heritage protection and climate adaptation have become the same investment."
8,klong-phadung,Klong Phadung Krung Kasem,คลองผดุงกรุงเกษม,Bangkok,กรุงเทพฯ,bangkok,alpha,operational,district,65.4,63,72,67,65,50,68,72,628000,high,energy; environment; living; mobility; people,Historic canal district revitalized with smart water management and connected public spaces. A genuine urban renewal project.
9,krabi,Krabi Smart City,กระบี่สมาร์ทซิตี้,Krabi,กระบี่,south,alpha,operational,province,65,67,64,56,60,72,84,48,198000,high,economy; energy; environment; living; mobility,"Andaman tourism hub cited by name in the World Bank CCDR 2025 for two things: heat stress vulnerability reducing beach tourism seasons, and the Nai Nang Apiculture Group — a World-Bank-documented example of mangrove restoration paired with beekeeping, supported by Marriott Hotels and selling honey in hotel restaurants. That is nature-based coastal protection with a revenue model attached. Krabi's most valuable smart city investment may be its ecosystem services, not its digital infrastructure — and the World Bank just put that in writing."
10,hat-yai,Hat Yai Smart City,หาดใหญ่สมาร์ทซิตี้,Songkhla,สงขลา,south,beta,operational,municipality,64.2,65,68,58,66,54,76,55,165000,high,economy; energy; environment; governance; living; mobility; people,Southern commercial hub with genuine smart city infrastructure. Smart flood management critical for this flood-prone city.
11,samui,Koh Samui Smart City,เกาะสมุยสมาร์ทซิตี้,Surat Thani,สุราษฎร์ธานี,south,beta,operational,municipality,63.4,63,72,50,58,58,86,52,320000,high,economy; environment; governance; living; people,Island smart city with tourism tech. Real smart waste and water management for an island that badly needs it. Tourism pressure is intense.
12,phangnga,Phang Nga Smart City,พังงาสมาร์ทซิตี้,Phang Nga,พังงา,south,beta,operational,province,63.1,66,56,58,60,76,78,45,158000,high,economy; energy; environment; governance; living; mobility; people,Tsunami-aware smart city with genuine disaster management tech. Environmental monitoring and early warning systems are real.
13,nan,Nan Smart City,น่านสมาร์ทซิตี้,Nan,น่าน,north,beta,operational,province,62.9,70,48,56,65,72,82,45,88000,high,energy; environment; governance; living; people,Small northern city with genuine community-driven smart initiatives. Forest conservation tech and heritage preservation are authentic.
14,chanthaburi,Chanthaburi Smart City,จันทบุรีสมาร์ทซิตี้,Chanthaburi,จันทบุรี,east,beta,operational,province,62.8,66,62,57,60,68,74,42,178000,high,economy; environment; governance; living,Gem city and fruit capital with genuine agri-tech. Smart agriculture for durian and mangosteen farmers is actually working.
15,nonthaburi,Nonthaburi Smart City,นนทบุรีสมาร์ทซิตี้,Nonthaburi,นนทบุรี,central,beta,operational,province,62.7,64,66,67,66,48,60,55,285000,high,economy; environment; governance; living; people,"Bangkok's northern suburb with genuine digital governance. MRT-connected, growing fast, affordable alternative to Bangkok proper."
16,chachoengsao,Chachoengsao Smart City,ฉะเชิงเทราสมาร์ทซิตี้,Chachoengsao,ฉะเชิงเทรา,east,beta,operational,province,62.3,64,72,49,64,56,62,62,422000,high,economy; energy; environment; governance; living; mobility; people,"EEC gateway city with genuine smart infrastructure — and dual climate exposure now precisely quantified. World Bank CCDR 2025 names Chachoengsao as both a priority zone for upper Gulf coastal mud-beach protection AND the EEC province with the largest projected water deficit (897 MCM by 2037, the biggest of the three EEC provinces). The smart flood early warning system is not optional infrastructure here. It is the most important operational system Chachoengsao runs."
17,saensuk,Saensuk Smart City,แสนสุขสมาร์ทซิตี้,Chon Buri,ชลบุรี,east,beta,operational,municipality,62.2,71,64,35,66,62,74,58,380000,high,environment; governance; living,Beachfront municipality that actually works. Smart waste management and beach monitoring are operational. Small but genuine.
18,lampang,Lampang Smart City,ลำปางสมาร์ทซิตี้,Lampang,ลำปาง,north,beta,operational,province,62.1,67,56,57,64,58,76,52,118000,high,economy; energy; environment; governance; living; mobility; people,Horse carriage city going smart. Genuine heritage-tech fusion with smart energy from Mae Moh transition. Air quality still a problem.
19,songkhla-city,Songkhla City,เมืองสงขลา,Songkhla,สงขลา,south,beta,operational,municipality,61.7,62,60,59,62,60,76,48,155000,high,economy; energy; environment; governance; living; mobility; people,Historic lakeside city with genuine smart governance and tourism tech. Strong cultural identity.
20,sritrang,Sri Trang City,ศรีตรังซิตี้,Trang,ตรัง,south,beta,operational,district,61.3,63,55,60,62,68,72,45,128000,high,economy; environment; living,"Quiet southern city with genuine green initiatives. Smart agriculture and environmental monitoring work. Honest, small-scale smart city."
21,chiang-rai,Smart City Chiang Rai,เชียงรายสมาร์ทซิตี้,Chiang Rai,เชียงราย,north,beta,operational,province,61.3,66,56,55,64,55,78,48,108000,high,economy; environment; living; people,Northernmost smart city with cultural tourism tech. Air quality crisis from burning season is the elephant in the room.
22,korat,Korat Smart City,โคราชสมาร์ทซิตี้,Nakhon Ratchasima,นครราชสีมา,northeast,beta,operational,municipality,61.2,65,66,48,64,54,66,58,168000,high,economy; energy; environment; governance; living; mobility; people,"Isan's gateway city with genuine smart transport ambitions. Connected to high-speed rail project. Big potential, still building momentum."
23,phitsanulok-muni,Phitsanulok Municipality,เทศบาลนครพิษณุโลก,Phitsanulok,พิษณุโลก,north,beta,operational,municipality,61,61,60,55,66,60,68,55,132000,high,economy; energy; environment; governance; living; mobility; people,"Lower northern hub with genuine smart governance. Digital citizen services are working. A solid, unflashy smart city that delivers."
24,satun,Satun Smart City,สตูลสมาร์ทซิตี้,Satun,สตูล,south,beta,operational,province,60.4,63,46,66,58,78,70,40,82000,high,economy; energy; environment; governance; living; people,"UNESCO Geopark smart city. Genuine environmental tech for geological heritage preservation. Small, quiet, and real."
25,samut-prakan,Samut Prakan Smart City,สมุทรปราการสมาร์ทซิตี้,Samut Prakan,สมุทรปราการ,central,beta,operational,province,60.4,62,70,60,62,42,55,58,385000,high,economy; energy; environment; governance; living; people,Bangkok's industrial suburb with smart factory tech. Real Industry 4.0 adoption in manufacturing. Livability suffers from congestion and flooding.
26,rayong,Rayong Smart City,ระยองสมาร์ทซิตี้,Rayong,ระยอง,east,beta,operational,province,60.1,69,74,32,62,52,58,58,1020000,high,energy; environment; governance; living; mobility; people,"EEC's industrial powerhouse — highest provincial GPP per capita in Thailand. Smart environmental monitoring around Map Ta Phut is genuinely useful and necessary. The structural constraint: World Bank CCDR 2025 projects Rayong's water supply deficit growing from 170 MCM in 2024 to 292 MCM by 2037. Only 37% of EEC wastewater is currently treated — the largest untapped source of new supply. Water recycling and industrial efficiency are the next competitive edge for this corridor, not expansion."
27,nakhon-si-thammarat,Nakhon Si Thammarat Smart City,นครศรีธรรมราชสมาร์ทซิตี้,Nakhon Si Thammarat,นครศรีธรรมราช,south,beta,operational,province,60.1,58,58,57,62,62,74,50,118000,high,economy; energy; environment; governance; living; mobility; people,Ancient city with real flood management tech. Genuine smart governance and heritage preservation. SLIC's home base.
28,umong,Umong Municipality Smart City,เทศบาลตำบลอุโมงค์สมาร์ทซิตี้,Lamphun,ลำพูน,north,beta,operational,district,60,64,48,64,60,66,68,48,125000,high,economy; energy; environment; governance; living; mobility; people,Tiny municipality with surprisingly comprehensive smart city program. All 7 dimensions covered. Community-driven approach.
29,phitsanulok-nu,Naresuan University Smart City,มหาวิทยาลัยนเรศวรสมาร์ทซิตี้,Phitsanulok,พิษณุโลก,north,beta,operational,campus,58.8,58,52,56,68,62,58,65,132000,high,energy; environment; mobility,University campus smart city focused on energy and mobility research. Genuine R&D output.
30,phitsanulok-ppao,Phitsanulok PAO Smart City,อบจ.พิษณุโลกสมาร์ทซิตี้,Phitsanulok,พิษณุโลก,north,beta,operational,province,57.6,58,56,53,62,58,64,48,132000,high,economy; environment; governance; living; mobility,Provincial-level smart governance covering entire Phitsanulok province. Digital services reaching rural areas.
31,yala,Yala Smart City,ยะลาสมาร์ทซิตี้,Yala,ยะลา,south,beta,operational,province,57.3,60,48,52,58,70,64,55,95000,high,economy; environment; governance; living,Smart city in deep south conflict zone. Impressive green city achievements despite security challenges. Won Smart Environment excellence award.
32,ubon,Ubon Ratchathani Smart City,อุบลราชธานีสมาร์ทซิตี้,Ubon Ratchathani,อุบลราชธานี,northeast,beta,operational,province,56.2,55,54,49,60,58,72,45,98000,high,economy; environment; living; mobility; people,Mekong border city with cultural richness. Smart initiatives focus on flood management and cultural tourism. Genuine but early stage.
33,nakhonsawan,Nakhonsawan Smart City,นครสวรรค์สมาร์ทซิตี้,Nakhon Sawan,นครสวรรค์,central,beta,operational,province,55.7,54,58,48,60,55,65,48,138000,high,energy; environment; governance; living,"Where four rivers become one. Ping, Wang, Yom, and Nan converge here before forming the Chao Phraya — making Nakhon Sawan the gateway through which the 2011 catastrophe flowed (12.6% of GDP, USD 46.5B). World Bank CCDR 2025: the Chao Phraya basin holds 40% of Thailand's population, 78% of its workforce, 66% of its GDP — and the current 120-year flood is projected to return every 18 years by 2040 under moderate emissions, or every 5.4 years under high. The IoT flood sensors here are not a smart city project. They are survival infrastructure for the national economy."
34,tak,Tak Smart City,ตากสมาร์ทซิตี้,Tak,ตาก,north,beta,operational,province,55.7,62,50,52,54,62,60,42,108000,high,economy; energy; environment; governance; living; mobility; people,Border city with smart customs and trade digitization. Genuine cross-border tech with Myanmar trade.
35,mae-moh,Mae Moh Livable City,แม่เมาะเมืองน่าอยู่,Lampang,ลำปาง,north,beta,operational,township,55.6,61,52,55,55,45,62,55,142000,high,economy; energy; environment,Coal mining town transitioning to clean energy. Smart energy monitoring is real but livability challenges from industrial legacy remain.
36,ubon-muni,Ubon Ratchathani Municipality,เทศบาลนครอุบลราชธานี,Ubon Ratchathani,อุบลราชธานี,northeast,beta,operational,municipality,54.7,54,52,48,58,56,72,42,98000,high,economy; environment; living; mobility; people,Municipal-level smart city complementing the larger Ubon project. Focus on candle festival tourism tech.
37,bang-saray,Bang Saray Smart City,บางเสร่สมาร์ทซิตี้,Chon Buri,ชลบุรี,east,beta,partial,district,53.7,62,56,34,52,58,64,38,380000,high,environment; governance; living; mobility,Coastal community near Pattaya with fishing village smart tech. Small but genuine digital governance.
38,phlapphla,Phlapphla Narai Smart City,ตำบลพลับพลานารายณ์สมาร์ทซิตี้,Chanthaburi,จันทบุรี,east,beta,partial,district,53.3,55,48,58,50,62,58,35,178000,high,energy; environment; governance; living; people,Sub-district level smart city with community energy and environmental focus. Tiny but experimental.
39,maesai,Mae Sai Smart City,แม่สายสมาร์ทซิตี้,Chiang Rai,เชียงราย,north,beta,operational,district,52.8,57,50,48,52,52,62,42,108000,high,energy; environment; governance; living; people,"Northernmost border town rebuilding after 2024 floods. Smart disaster management is now a real priority, not just a plan."
40,tai-yong,Tai Yong Smart City,ไทยวังสมาร์ทซิตี้,Nakhon Si Thammarat,นครศรีธรรมราช,south,beta,partial,campus,51.6,49,42,60,52,64,60,35,118000,high,environment; governance; living,Small sub-district smart city. Community-scale digital governance and agriculture tech. Genuine but tiny.
41,pattani,Pattani Smart City,ปัตตานีสมาร์ทซิตี้,Pattani,ปัตตานี,south,beta,operational,province,51,52,42,51,52,58,62,42,72000,high,environment; governance; living; mobility; people,Deep south smart city facing security challenges. Digital governance and safety systems are genuine attempts at improving a difficult situation.
42,thep-paraj,Thep Paraj Smart City,เทพราชสมาร์ทซิตี้,Chachoengsao,ฉะเชิงเทรา,east,beta,partial,district,50.8,52,48,50,50,58,55,38,422000,high,environment; governance; living,Small EEC sub-district in Chachoengsao — the EEC province with the largest projected water deficit (897 MCM by 2037). Smart agriculture IoT here has a real mandate beyond productivity: water efficiency in an area facing 60%+ supply gaps is not a differentiator. It is the survival condition.
43,phichit,Phichit Smart City,พิจิตรสมาร์ทซิตี้,Phichit,พิจิตร,north,beta,partial,province,50.7,49,42,55,55,58,62,30,78000,high,people,Small agricultural province with digital literacy focus. Only one smart dimension so far. Very early stage.
44,nikhom-phatthana,Nikhom Phatthana Smart City,นิคมพัฒนาสมาร์ทซิตี้,Rayong,ระยอง,east,beta,partial,special-zone,49.3,57,55,34,48,52,45,40,1020000,high,environment; governance; living,"Industrial district adjacent to Map Ta Phut. Environmental monitoring is essential — and the EEC water deficit makes water recycling the next critical technology. World Bank CCDR 2025: Rayong faces a 292 MCM water deficit by 2037, with only 37% of EEC wastewater currently treated. For an industrial district producing petrochemicals, water circularity is not optional."
45,narathiwat,Narathiwat Smart City,นราธิวาสสมาร์ทซิตี้,Narathiwat,นราธิวาส,south,beta,operational,province,49.1,48,40,49,50,62,60,40,68000,high,economy; energy; environment; governance; living; people,Southernmost smart city with genuine cross-border digital trade pilot. Security situation severely limits livability outcomes.
46,khao-khun-song,Khao Khun Song Smart City,เขาคุนซองสมาร์ทซิตี้,Rayong,ระยอง,east,beta,partial,special-zone,48.4,56,52,34,45,55,45,42,1020000,high,economy; environment; living,Small smart agriculture zone. Some digital farming tech deployed but still very early stage.
47,reg-chiang-mai-pao,Chiang Mai PAO,อบจ.เชียงใหม่,Chiang Mai,เชียงใหม่,north,gamma,planned,,39.5,40,40,40,40,40,40,30,,low,living; governance,Promotion zone — awaiting sufficient data for full assessment.
48,reg-lamphun,Lamphun Municipality,เทศบาลเมืองลำพูน,Lamphun,ลำพูน,north,gamma,planned,,39.5,40,40,40,40,40,40,30,,low,living; governance,Promotion zone — awaiting sufficient data for full assessment.
49,reg-lampang-pao,Lampang PAO,อบจ.ลำปาง,Lampang,ลำปาง,north,gamma,planned,,39.5,40,40,40,40,40,40,30,,low,living; governance,Promotion zone — awaiting sufficient data for full assessment.
50,reg-uttaradit,Uttaradit Municipality,เทศบาลเมืองอุตรดิตถ์,Uttaradit,อุตรดิตถ์,north,gamma,planned,,39.5,40,40,40,40,40,40,30,,low,living; governance,Promotion zone — awaiting sufficient data for full assessment.
51,reg-sukhothai,Sukhothai Municipality,เทศบาลเมืองสุโขทัย,Sukhothai,สุโขทัย,north,gamma,planned,,39.5,40,40,40,40,40,40,30,,low,living; governance,Promotion zone — awaiting sufficient data for full assessment.
52,reg-phrae,Phrae Municipality,เทศบาลเมืองแพร่,Phrae,แพร่,north,gamma,planned,,39.5,40,40,40,40,40,40,30,,low,living; governance,Promotion zone — awaiting sufficient data for full assessment.
53,reg-phayao,Phayao Municipality,เทศบาลเมืองพะเยา,Phayao,พะเยา,north,gamma,planned,,39.5,40,40,40,40,40,40,30,,low,living; governance,Promotion zone — awaiting sufficient data for full assessment.
54,reg-mae-hong-son,Mae Hong Son Municipality,เทศบาลเมืองแม่ฮ่องสอน,Mae Hong Son,แม่ฮ่องสอน,north,gamma,planned,,39.5,40,40,40,40,40,40,30,,low,living; governance,Promotion zone — awaiting sufficient data for full assessment.
55,reg-kamphaeng-phet,Kamphaeng Phet Municipality,เทศบาลเมืองกำแพงเพชร,Kamphaeng Phet,กำแพงเพชร,north,gamma,planned,,39.5,40,40,40,40,40,40,30,,low,living; governance,Promotion zone — awaiting sufficient data for full assessment.
56,reg-uthai-thani,Uthai Thani Municipality,เทศบาลเมืองอุทัยธานี,Uthai Thani,อุทัยธานี,north,gamma,planned,,39.5,40,40,40,40,40,40,30,,low,living; governance,Promotion zone — awaiting sufficient data for full assessment.
57,reg-nakhon-sawan-pao,Nakhon Sawan PAO,อบจ.นครสวรรค์,Nakhon Sawan,นครสวรรค์,north,gamma,planned,,39.5,40,40,40,40,40,40,30,,low,living; governance,Promotion zone — awaiting sufficient data for full assessment.
58,reg-phetchabun,Phetchabun Municipality,เทศบาลเมืองเพชรบูรณ์,Phetchabun,เพชรบูรณ์,north,gamma,planned,,39.5,40,40,40,40,40,40,30,,low,living; governance,Promotion zone — awaiting sufficient data for full assessment.
59,reg-ayutthaya,Phra Nakhon Si Ayutthaya,พระนครศรีอยุธยา,Ayutthaya,อยุธยา,central,gamma,planned,,39.5,40,40,40,40,40,40,30,,low,living; governance,Promotion zone — awaiting sufficient data for full assessment.
60,reg-pathum-thani,Pathum Thani Municipality,เทศบาลเมืองปทุมธานี,Pathum Thani,ปทุมธานี,central,gamma,planned,,39.5,40,40,40,40,40,40,30,,low,living; governance,Promotion zone — awaiting sufficient data for full assessment.
61,reg-nakhon-pathom,Nakhon Pathom Municipality,เทศบาลนครนครปฐม,Nakhon Pathom,นครปฐม,central,gamma,planned,,39.5,40,40,40,40,40,40,30,,low,living; governance,Promotion zone — awaiting sufficient data for full assessment.
62,reg-samut-sakhon,Samut Sakhon Municipality,เทศบาลนครสมุทรสาคร,Samut Sakhon,สมุทรสาคร,central,gamma,planned,,39.5,40,40,40,40,40,40,30,,low,living; governance,Promotion zone — awaiting sufficient data for full assessment.
63,reg-samut-songkhram,Samut Songkhram Municipality,เทศบาลเมืองสมุทรสงคราม,Samut Songkhram,สมุทรสงคราม,central,gamma,planned,,39.5,40,40,40,40,40,40,30,,low,living; governance,Promotion zone — awaiting sufficient data for full assessment.
64,reg-ang-thong,Ang Thong Municipality,เทศบาลเมืองอ่างทอง,Ang Thong,อ่างทอง,central,gamma,planned,,39.5,40,40,40,40,40,40,30,,low,living; governance,Promotion zone — awaiting sufficient data for full assessment.
65,reg-singburi,Sing Buri Municipality,เทศบาลเมืองสิงห์บุรี,Sing Buri,สิงห์บุรี,central,gamma,planned,,39.5,40,40,40,40,40,40,30,,low,living; governance,Promotion zone — awaiting sufficient data for full assessment.
66,reg-lop-buri,Lop Buri Municipality,เทศบาลเมืองลพบุรี,Lop Buri,ลพบุรี,central,gamma,planned,,39.5,40,40,40,40,40,40,30,,low,living; governance,Promotion zone — awaiting sufficient data for full assessment.
67,reg-saraburi,Saraburi Municipality,เทศบาลเมืองสระบุรี,Saraburi,สระบุรี,central,gamma,planned,,39.5,40,40,40,40,40,40,30,,low,living; governance,Promotion zone — awaiting sufficient data for full assessment.
68,reg-chainat,Chainat Municipality,เทศบาลเมืองชัยนาท,Chainat,ชัยนาท,central,gamma,planned,,39.5,40,40,40,40,40,40,30,,low,living; governance,Promotion zone — awaiting sufficient data for full assessment.
69,reg-suphan-buri,Suphan Buri Municipality,เทศบาลเมืองสุพรรณบุรี,Suphan Buri,สุพรรณบุรี,central,gamma,planned,,39.5,40,40,40,40,40,40,30,,low,living; governance,Promotion zone — awaiting sufficient data for full assessment.
70,reg-kanchanaburi,Kanchanaburi Municipality,เทศบาลเมืองกาญจนบุรี,Kanchanaburi,กาญจนบุรี,central,gamma,planned,,39.5,40,40,40,40,40,40,30,,low,living; governance,Promotion zone — awaiting sufficient data for full assessment.
71,reg-ratchaburi,Ratchaburi Municipality,เทศบาลเมืองราชบุรี,Ratchaburi,ราชบุรี,central,gamma,planned,,39.5,40,40,40,40,40,40,30,,low,living; governance,Promotion zone — awaiting sufficient data for full assessment.
72,reg-phetchaburi,Phetchaburi Municipality,เทศบาลเมืองเพชรบุรี,Phetchaburi,เพชรบุรี,central,gamma,planned,,39.5,40,40,40,40,40,40,30,,low,living; governance,Promotion zone — awaiting sufficient data for full assessment.
73,reg-prachuap,Prachuap Khiri Khan,ประจวบคีรีขันธ์,Prachuap Khiri Khan,ประจวบคีรีขันธ์,central,gamma,planned,,39.5,40,40,40,40,40,40,30,,low,living; governance,Promotion zone — awaiting sufficient data for full assessment.
74,reg-hua-hin,Hua Hin Municipality,เทศบาลเมืองหัวหิน,Prachuap Khiri Khan,ประจวบคีรีขันธ์,central,gamma,planned,,39.5,40,40,40,40,40,40,30,,low,living; governance,Promotion zone — awaiting sufficient data for full assessment.
75,reg-udon-thani,Udon Thani Municipality,เทศบาลนครอุดรธานี,Udon Thani,อุดรธานี,northeast,gamma,planned,,39.5,40,40,40,40,40,40,30,,low,living; governance,Promotion zone — awaiting sufficient data for full assessment.
76,reg-nong-khai,Nong Khai Municipality,เทศบาลเมืองหนองคาย,Nong Khai,หนองคาย,northeast,gamma,planned,,39.5,40,40,40,40,40,40,30,,low,living; governance,Promotion zone — awaiting sufficient data for full assessment.
77,reg-sakon-nakhon,Sakon Nakhon Municipality,เทศบาลเมืองสกลนคร,Sakon Nakhon,สกลนคร,northeast,gamma,planned,,39.5,40,40,40,40,40,40,30,,low,living; governance,Promotion zone — awaiting sufficient data for full assessment.
78,reg-nakhon-phanom,Nakhon Phanom Municipality,เทศบาลเมืองนครพนม,Nakhon Phanom,นครพนม,northeast,gamma,planned,,39.5,40,40,40,40,40,40,30,,low,living; governance,Promotion zone — awaiting sufficient data for full assessment.
79,reg-mukdahan,Mukdahan Municipality,เทศบาลเมืองมุกดาหาร,Mukdahan,มุกดาหาร,northeast,gamma,planned,,39.5,40,40,40,40,40,40,30,,low,living; governance,Promotion zone — awaiting sufficient data for full assessment.
80,reg-roi-et,Roi Et Municipality,เทศบาลเมืองร้อยเอ็ด,Roi Et,ร้อยเอ็ด,northeast,gamma,planned,,39.5,40,40,40,40,40,40,30,,low,living; governance,Promotion zone — awaiting sufficient data for full assessment.
81,reg-kalasin,Kalasin Municipality,เทศบาลเมืองกาฬสินธุ์,Kalasin,กาฬสินธุ์,northeast,gamma,planned,,39.5,40,40,40,40,40,40,30,,low,living; governance,Promotion zone — awaiting sufficient data for full assessment.
82,reg-maha-sarakham,Maha Sarakham Municipality,เทศบาลเมืองมหาสารคาม,Maha Sarakham,มหาสารคาม,northeast,gamma,planned,,39.5,40,40,40,40,40,40,30,,low,living; governance,Promotion zone — awaiting sufficient data for full assessment.
83,reg-chaiyaphum,Chaiyaphum Municipality,เทศบาลเมืองชัยภูมิ,Chaiyaphum,ชัยภูมิ,northeast,gamma,planned,,39.5,40,40,40,40,40,40,30,,low,living; governance,Promotion zone — awaiting sufficient data for full assessment.
84,reg-buriram,Buriram Municipality,เทศบาลเมืองบุรีรัมย์,Buriram,บุรีรัมย์,northeast,gamma,planned,,39.5,40,40,40,40,40,40,30,,low,living; governance,Promotion zone — awaiting sufficient data for full assessment.
85,reg-surin,Surin Municipality,เทศบาลเมืองสุรินทร์,Surin,สุรินทร์,northeast,gamma,planned,,39.5,40,40,40,40,40,40,30,,low,living; governance,Promotion zone — awaiting sufficient data for full assessment.
86,reg-sisaket,Sisaket Municipality,เทศบาลเมืองศรีสะเกษ,Sisaket,ศรีสะเกษ,northeast,gamma,planned,,39.5,40,40,40,40,40,40,30,,low,living; governance,Promotion zone — awaiting sufficient data for full assessment.
87,reg-amnat-charoen,Amnat Charoen Municipality,เทศบาลเมืองอำนาจเจริญ,Amnat Charoen,อำนาจเจริญ,northeast,gamma,planned,,39.5,40,40,40,40,40,40,30,,low,living; governance,Promotion zone — awaiting sufficient data for full assessment.
88,reg-yasothon,Yasothon Municipality,เทศบาลเมืองยโสธร,Yasothon,ยโสธร,northeast,gamma,planned,,39.5,40,40,40,40,40,40,30,,low,living; governance,Promotion zone — awaiting sufficient data for full assessment.
89,reg-loei,Loei Municipality,เทศบาลเมืองเลย,Loei,เลย,northeast,gamma,planned,,39.5,40,40,40,40,40,40,30,,low,living; governance,Promotion zone — awaiting sufficient data for full assessment.
90,reg-nong-bua-lamphu,Nong Bua Lamphu Municipality,เทศบาลเมืองหนองบัวลำภู,Nong Bua Lamphu,หนองบัวลำภู,northeast,gamma,planned,,39.5,40,40,40,40,40,40,30,,low,living; governance,Promotion zone — awaiting sufficient data for full assessment.
91,reg-bueng-kan,Bueng Kan Municipality,เทศบาลเมืองบึงกาฬ,Bueng Kan,บึงกาฬ,northeast,gamma,planned,,39.5,40,40,40,40,40,40,30,,low,living; governance,Promotion zone — awaiting sufficient data for full assessment.
92,reg-chon-buri-muni,Chon Buri Municipality,เทศบาลเมืองชลบุรี,Chon Buri,ชลบุรี,east,gamma,planned,,39.5,40,40,40,40,40,40,30,,low,living; governance,Promotion zone — awaiting sufficient data for full assessment.
93,reg-pattaya,Pattaya City,เมืองพัทยา,Chon Buri,ชลบุรี,east,gamma,planned,,39.5,40,40,40,40,40,40,30,,low,living; governance,Promotion zone — awaiting sufficient data for full assessment.
94,reg-sri-racha,Sri Racha Municipality,เทศบาลเมืองศรีราชา,Chon Buri,ชลบุรี,east,gamma,planned,,39.5,40,40,40,40,40,40,30,,low,living; governance,Promotion zone — awaiting sufficient data for full assessment.
95,reg-trat,Trat Municipality,เทศบาลเมืองตราด,Trat,ตราด,east,gamma,planned,,39.5,40,40,40,40,40,40,30,,low,living; governance,Promotion zone — awaiting sufficient data for full assessment.
96,reg-sa-kaeo,Sa Kaeo Municipality,เทศบาลเมืองสระแก้ว,Sa Kaeo,สระแก้ว,east,gamma,planned,,39.5,40,40,40,40,40,40,30,,low,living; governance,Promotion zone — awaiting sufficient data for full assessment.
97,reg-prachin-buri,Prachin Buri Municipality,เทศบาลเมืองปราจีนบุรี,Prachin Buri,ปราจีนบุรี,east,gamma,planned,,39.5,40,40,40,40,40,40,30,,low,living; governance,Promotion zone — awaiting sufficient data for full assessment.
98,reg-nakhon-nayok,Nakhon Nayok Municipality,เทศบาลเมืองนครนายก,Nakhon Nayok,นครนายก,east,gamma,planned,,39.5,40,40,40,40,40,40,30,,low,living; governance,Promotion zone — awaiting sufficient data for full assessment.
99,reg-surat-thani,Surat Thani Municipality,เทศบาลนครสุราษฎร์ธานี,Surat Thani,สุราษฎร์ธานี,south,gamma,planned,,39.5,40,40,40,40,40,40,30,,low,living; governance,Promotion zone — awaiting sufficient data for full assessment.
100,reg-nakhon-si-pao,Nakhon Si Thammarat PAO,อบจ.นครศรีธรรมราช,Nakhon Si Thammarat,นครศรีธรรมราช,south,gamma,planned,,39.5,40,40,40,40,40,40,30,,low,living; governance,Promotion zone — awaiting sufficient data for full assessment.
101,reg-chumphon,Chumphon Municipality,เทศบาลเมืองชุมพร,Chumphon,ชุมพร,south,gamma,planned,,39.5,40,40,40,40,40,40,30,,low,living; governance,Promotion zone — awaiting sufficient data for full assessment.
102,reg-ranong,Ranong Municipality,เทศบาลเมืองระนอง,Ranong,ระนอง,south,gamma,planned,,39.5,40,40,40,40,40,40,30,,low,living; governance,Promotion zone — awaiting sufficient data for full assessment.
103,reg-phatthalung,Phatthalung Municipality,เทศบาลเมืองพัทลุง,Phatthalung,พัทลุง,south,gamma,planned,,39.5,40,40,40,40,40,40,30,,low,living; governance,Promotion zone — awaiting sufficient data for full assessment.
104,reg-songkhla-pao,Songkhla PAO,อบจ.สงขลา,Songkhla,สงขลา,south,gamma,planned,,39.5,40,40,40,40,40,40,30,,low,living; governance,Promotion zone — awaiting sufficient data for full assessment.
105,reg-phuket-pao,Phuket PAO,อบจ.ภูเก็ต,Phuket,ภูเก็ต,south,gamma,planned,,39.5,40,40,40,40,40,40,30,,low,living; governance,Promotion zone — awaiting sufficient data for full assessment.
106,reg-krabi-muni,Krabi Municipality,เทศบาลเมืองกระบี่,Krabi,กระบี่,south,gamma,planned,,39.5,40,40,40,40,40,40,30,,low,living; governance,Promotion zone — awaiting sufficient data for full assessment.
107,reg-trang-muni,Trang Municipality,เทศบาลนครตรัง,Trang,ตรัง,south,gamma,planned,,39.5,40,40,40,40,40,40,30,,low,living; governance,Promotion zone — awaiting sufficient data for full assessment.
108,reg-yala-pao,Yala PAO,อบจ.ยะลา,Yala,ยะลา,south,gamma,planned,,39.5,40,40,40,40,40,40,30,,low,living; governance,Promotion zone — awaiting sufficient data for full assessment.
109,reg-pattani-muni,Pattani Municipality,เทศบาลเมืองปัตตานี,Pattani,ปัตตานี,south,gamma,planned,,39.5,40,40,40,40,40,40,30,,low,living; governance,Promotion zone — awaiting sufficient data for full assessment.
110,reg-narathiwat-muni,Narathiwat Municipality,เทศบาลเมืองนราธิวาส,Narathiwat,นราธิวาส,south,gamma,planned,,39.5,40,40,40,40,40,40,30,,low,living; governance,Promotion zone — awaiting sufficient data for full assessment.
111,reg-bangkok-noi,Bangkok Noi District,เขตบางกอกน้อย,Bangkok,กรุงเทพฯ,bangkok,gamma,planned,,39.5,40,40,40,40,40,40,30,,low,living; governance,Promotion zone — awaiting sufficient data for full assessment.
112,reg-bang-rak,Bang Rak District,เขตบางรัก,Bangkok,กรุงเทพฯ,bangkok,gamma,planned,,39.5,40,40,40,40,40,40,30,,low,living; governance,Promotion zone — awaiting sufficient data for full assessment.
113,reg-din-daeng,Din Daeng District,เขตดินแดง,Bangkok,กรุงเทพฯ,bangkok,gamma,planned,,39.5,40,40,40,40,40,40,30,,low,living; governance,Promotion zone — awaiting sufficient data for full assessment.
114,reg-chatuchak,Chatuchak District,เขตจตุจักร,Bangkok,กรุงเทพฯ,bangkok,gamma,planned,,39.5,40,40,40,40,40,40,30,,low,living; governance,Promotion zone — awaiting sufficient data for full assessment.
115,reg-bang-sue,Bang Sue District,เขตบางซื่อ,Bangkok,กรุงเทพฯ,bangkok,gamma,planned,,39.5,40,40,40,40,40,40,30,,low,economy; energy; environment; governance; living; mobility; people,Promotion zone — awaiting sufficient data for full assessment.
116,makkasan,Makkasan Smart City,มักกะสันสมาร์ทซิตี้,Bangkok,กรุงเทพฯ,bangkok,gamma,planned,district,38.3,36,35,65,30,35,25,40,628000,high,economy; energy; living; mobility,Massive transit hub plan on paper. Almost nothing built. The land exists but the smart city doesn't — yet another plan waiting to become reality.
117,phuket-tinicon,Phuket Tinicon Valley,ภูเก็ตทินิคอนวัลเลย์,Phuket,ภูเก็ต,south,gamma,planned,special-zone,37.2,39,30,58,20,55,20,45,492000,high,economy; energy; environment; governance; living; mobility; people,"Newest certified city — but it's a development plan, not a functioning city. The logo was awarded to a concept."
118,wangchan-valley,Wangchan Valley Smart City,วังจันทร์วัลเลย์สมาร์ทซิตี้,Rayong,ระยอง,east,gamma,planned,campus,28.5,33,22,32,15,50,10,55,1020000,high,economy; energy; environment; governance; living; mobility; people,"Thailand's #1-ranked smart city on paper — PTT's 3,454-rai EEC campus with VISTEC and KVIS operational, but the biorefinery is two years delayed and zero residential occupancy has been published. The structural question underlying everything: World Bank CCDR 2025 documents the EEC facing a 40% water supply shortfall by 2037 under average hydrology — 72% in dry years — even after 32 planned infrastructure investments. Wangchan Valley's development thesis depends on EEC water security that does not yet exist."
